"77449","Katy","Harris","128294"
"77494","Katy","Fort Bend","118291"
"79936","El Paso","El Paso","111620"
"75034","Frisco","Collin","108525"
"77084","Houston","Harris","107673"
"75070","McKinney","Collin","104415"
"75052","Grand Prairie","Dallas","95495"
"77479","Sugar Land","Fort Bend","93848"
"78660","Pflugerville","Travis","91300"
"78521","Brownsville","Cameron","90687"
"77433","Cypress","Harris","90657"
"77584","Pearland","Brazoria","90372"
"75217","Dallas","Dallas","89163"
"77429","Cypress","Harris","88628"
"77573","League City","Galveston","88131"
"79938","El Paso","El Paso","84237"
"78666","San Marcos","Hays","82923"
"78613","Cedar Park","Williamson","81943"
"77379","Spring","Harris","81368"
"78572","Mission","Hidalgo","80601"
"77083","Houston","Harris","78298"
"79912","El Paso","El Paso","78267"
"78577","Pharr","Hidalgo","78103"
"75211","Dallas","Dallas","77570"
"76244","Keller","Tarrant","77496"
"78130","New Braunfels","Comal","77400"
"78542","Edinburg","Hidalgo","77336"
"78245","San Antonio","Bexar","76518"
"75035","Frisco","Collin","75485"
"77036","Houston","Harris","74472"
"75228","Dallas","Dallas","73976"
"77450","Katy","Harris","73692"
"76063","Mansfield","Tarrant","73216"
"77459","Missouri City","Fort Bend","72788"
"78641","Leander","Williamson","72078"
"75002","Allen","Collin","71253"
"78046","Laredo","Webb","70989"
"77095","Houston","Harris","70692"
"76028","Burleson","Johnson","70507"
"75243","Dallas","Dallas","68308"
"75067","Lewisville","Denton","68196"
"78596","Weslaco","Hidalgo","67269"
"77346","Humble","Harris","66805"
"78045","Laredo","Webb","66685"
"77845","College Station","Brazos","66649"
"75068","Little Elm","Denton","65991"
"76179","Fort Worth","Tarrant","65496"
"78664","Round Rock","Williamson","64686"
"78501","Mcallen","Hidalgo","63066"
"78574","Mission","Hidalgo","62616"
"75043","Garland","Dallas","62601"
"78520","Brownsville","Cameron","62490"
"75040","Garland","Dallas","62417"
"78228","San Antonio","Bexar","62359"
"78251","San Antonio","Bexar","62186"
"78745","Austin","Travis","61907"
"78250","San Antonio","Bexar","61669"
"78249","San Antonio","Bexar","61639"
"77373","Spring","Harris","61501"
"77072","Houston","Harris","61122"
"78240","San Antonio","Bexar","60927"
"75150","Mesquite","Dallas","60671"
"75056","The Colony","Denton","60554"
"78753","Austin","Travis","60426"
"76137","Fort Worth","Tarrant","60385"
"77521","Baytown","Harris","60164"
"76010","Arlington","Tarrant","60097"
"77407","Richmond","Fort Bend","60000"
"75227","Dallas","Dallas","59924"
"79924","El Paso","El Paso","59648"
"77077","Houston","Harris","59588"
"77840","College Station","Brazos","59371"
"78254","San Antonio","Bexar","59107"
"78640","Kyle","Hays","58790"
"77396","Humble","Harris","58396"
"78681","Round Rock","Williamson","58155"
"77386","Spring","Montgomery","57421"
"78504","Mcallen","Hidalgo","57410"
"79928","El Paso","El Paso","57219"
"78852","Eagle Pass","Maverick","57159"
"78586","San Benito","Cameron","56692"
"77015","Houston","Harris","56477"
"75149","Mesquite","Dallas","56473"
"75098","Wylie","Dallas","56376"
"78223","San Antonio","Bexar","56055"
"77375","Tomball","Harris","55759"
"77088","Houston","Harris","55734"
"75287","Dallas","Dallas","55673"
"75071","Mc Kinney","Collin","55570"
"75007","Carrollton","Denton","55500"
"78207","San Antonio","Bexar","55484"
"77082","Houston","Harris","55056"
"77089","Houston","Harris","54751"
"75061","Irving","Dallas","54520"
"77469","Richmond","Fort Bend","53992"
"78247","San Antonio","Bexar","53892"
"75025","Plano","Collin","53764"
"77546","Friendswood","Galveston","53623"
"75216","Dallas","Dallas","53327"
"76051","Grapevine","Tarrant","53291"
"79907","El Paso","El Paso","53174"
"77070","Houston","Harris","53057"
"77081","Houston","Harris","53031"
"75115","Desoto","Dallas","52916"
"78550","Harlingen","Cameron","52644"
"75080","Richardson","Dallas","52531"
"77099","Houston","Harris","52294"
"75074","Plano","Collin","52259"
"78741","Austin","Travis","52114"
"76119","Fort Worth","Tarrant","52070"
"76549","Killeen","Bell","52012"
"78748","Austin","Travis","51653"
"75006","Carrollton","Dallas","51642"
"76133","Fort Worth","Tarrant","51505"
"76542","Killeen","Bell","51405"
"78227","San Antonio","Bexar","51394"
"77388","Spring","Harris","50701"
"76116","Fort Worth","Tarrant","50506"
"75023","Plano","Collin","50431"
"78744","Austin","Travis","50123"
"78233","San Antonio","Bexar","50103"
"75062","Irving","Dallas","49306"
"77406","Richmond","Fort Bend","49261"
"75104","Cedar Hill","Dallas","49171"
"78665","Sandy","Blanco","49074"
"78526","Brownsville","Cameron","48995"
"78758","Austin","Travis","48993"
"75126","Forney","Kaufman","48987"
"78155","Seguin","Guadalupe","48909"
"77044","Houston","Harris","48783"
"78704","Austin","Travis","48746"
"77064","Houston","Harris","48637"
"77581","Pearland","Brazoria","48438"
"78201","San Antonio","Bexar","48334"
"78537","Donna","Hidalgo","48072"
"78840","Del Rio","Val Verde","47937"
"77040","Houston","Harris","47823"
"75028","Flower Mound","Denton","47804"
"75060","Irving","Dallas","47764"
"78041","Laredo","Webb","47753"
"77511","Alvin","Brazoria","47556"
"76017","Arlington","Tarrant","47499"
"77093","Houston","Harris","47135"
"79424","Lubbock","Lubbock","46933"
"75093","Plano","Collin","46788"
"77539","Dickinson","Galveston","46032"
"77060","Houston","Harris","45642"
"77080","Houston","Harris","45586"
"78043","Laredo","Webb","45532"
"76210","Denton","Denton","45474"
"75165","Waxahachie","Ellis","45059"
"78230","San Antonio","Bexar","45021"
"78213","San Antonio","Bexar","44813"
"78258","San Antonio","Bexar","44747"
"77055","Houston","Harris","44671"
"79109","Amarillo","Randall","44600"
"77075","Houston","Harris","44517"
"79762","Odessa","Ector","43812"
"78253","San Antonio","Bexar","43770"
"77338","Humble","Harris","43558"
"78216","San Antonio","Bexar","43554"
"75024","Plano","Collin","43551"
"76131","Fort Worth","Tarrant","43542"
"78759","Austin","Travis","43298"
"75044","Garland","Dallas","43292"
"75050","Grand Prairie","Dallas","43174"
"76108","Fort Worth","Tarrant","43169"
"78582","Rio Grande City","Starr","43074"
"77901","Victoria","Victoria","43052"
"75019","Coppell","Dallas","42888"
"75703","Tyler","Smith","42777"
"78209","San Antonio","Bexar","42653"
"75013","Allen","Collin","42629"
"76112","Fort Worth","Tarrant","42572"
"76502","Temple","Bell","42103"
"75220","Dallas","Dallas","42009"
"78412","Corpus Christi","Nueces","41977"
"79705","Midland","Midland","41933"
"77042","Houston","Harris","41734"
"77057","Houston","Harris","41690"
"77382","Spring","Montgomery","41581"
"78589","San Juan","Hidalgo","41291"
"78154","Schertz","Guadalupe","41272"
"77471","Rosenberg","Fort Bend","41212"
"78221","San Antonio","Bexar","41185"
"77074","Houston","Harris","40978"
"75154","Red Oak","Ellis","40947"
"78040","Laredo","Webb","40939"
"75051","Grand Prairie","Dallas","40923"
"77090","Houston","Harris","40761"
"79927","El Paso","El Paso","40747"
"78414","Corpus Christi","Nueces","40657"
"78413","Corpus Christi","Nueces","40644"
"77034","Houston","Harris","40635"
"77583","Rosharon","Brazoria","40514"
"78415","Corpus Christi","Nueces","40377"
"75231","Dallas","Dallas","40371"
"79423","Lubbock","Lubbock","40303"
"75081","Richardson","Dallas","40265"
"77339","Humble","Harris","40133"
"77007","Houston","Harris","40080"
"75063","Irving","Dallas","40048"
"78108","Cibolo","Guadalupe","39999"
"78028","Kerrville","Kerr","39944"
"77073","Houston","Harris","39939"
"79707","Midland","Midland","39921"
"76106","Fort Worth","Tarrant","39900"
"78109","Converse","Bexar","39769"
"76248","Keller","Tarrant","39665"
"79925","El Paso","El Paso","39616"
"76262","Roanoke","Denton","39425"
"76513","Belton","Bell","39411"
"77063","Houston","Harris","39249"
"77705","Beaumont","Jefferson","39236"
"76706","Waco","Mclennan","39221"
"77642","Port Arthur","Jefferson","39202"
"75042","Garland","Dallas","39183"
"78237","San Antonio","Bexar","39105"
"78232","San Antonio","Bexar","39072"
"75206","Dallas","Dallas","39010"
"79763","Odessa","Ector","38833"
"78573","Mission","Hidalgo","38826"
"77506","Pasadena","Harris","38765"
"78610","Buda","Hays","38525"
"77377","Tomball","Harris","38469"
"77092","Houston","Harris","38458"
"75075","Plano","Collin","38283"
"77489","Missouri City","Fort Bend","38242"
"77389","Spring","Harris","38222"
"77502","Pasadena","Harris","38199"
"77024","Houston","Harris","38190"
"78749","Austin","Travis","38041"
"78552","Harlingen","Cameron","37948"
"75069","Mc Kinney","Collin","37892"
"77087","Houston","Harris","37886"
"77065","Houston","Harris","37793"
"78210","San Antonio","Bexar","37683"
"75224","Dallas","Dallas","37592"
"76180","North Richland Hills","Tarrant","37524"
"77014","Houston","Harris","37488"
"77571","La Porte","Harris","37427"
"78539","Edinburg","Hidalgo","37380"
"75248","Dallas","Dallas","37373"
"77004","Houston","Harris","37294"
"78218","San Antonio","Bexar","37281"
"75234","Dallas","Dallas","37160"
"75077","Lewisville","Denton","37102"
"76065","Midlothian","Ellis","37090"
"77354","Magnolia","Montgomery","37058"
"77035","Houston","Harris","36931"
"77365","Porter","Montgomery","36755"
"76522","Copperas Cove","Coryell","36560"
"78626","Georgetown","Williamson","36556"
"77045","Houston","Harris","36532"
"76002","Arlington","Tarrant","36460"
"77049","Houston","Harris","36434"
"79915","El Paso","El Paso","36412"
"77493","Katy","Harris","36334"
"75089","Rowlett","Dallas","36324"
"76123","Fort Worth","Tarrant","36245"
"76904","San Angelo","Tom Green","36178"
"77381","Spring","Montgomery","36160"
"77009","Houston","Harris","36147"
"77320","Huntsville","Walker","36122"
"75501","Texarkana","Bowie","36094"
"76039","Euless","Tarrant","36087"
"78006","Boerne","Kendall","36056"
"77076","Houston","Harris","36009"
"75701","Tyler","Smith","35858"
"77477","Stafford","Fort Bend","35830"
"76021","Bedford","Tarrant","35794"
"78723","Austin","Travis","35725"
"77066","Houston","Harris","35676"
"78628","Georgetown","Williamson","35601"
"77520","Baytown","Harris","35350"
"77067","Houston","Harris","35227"
"75087","Rockwall","Rockwall","35157"
"76014","Arlington","Tarrant","35096"
"79720","Big Spring","Howard","35025"
"78516","Alamo","Hidalgo","34990"
"79107","Amarillo","Potter","34935"
"77008","Houston","Harris","34895"
"78242","San Antonio","Bexar","34893"
"75214","Dallas","Dallas","34824"
"78705","Austin","Travis","34549"
"77535","Dayton","Liberty","34537"
"78634","Hutto","Williamson","34447"
"75904","Lufkin","Angelina","34406"
"77351","Livingston","Polk","34366"
"76013","Arlington","Tarrant","34203"
"77301","Conroe","Montgomery","34169"
"78217","San Antonio","Bexar","34159"
"78229","San Antonio","Bexar","34125"
"79416","Lubbock","Lubbock","34124"
"77079","Houston","Harris","34122"
"76227","Aubrey","Denton","34036"
"78570","Mercedes","Hidalgo","33949"
"77041","Houston","Harris","33941"
"76001","Arlington","Tarrant","33748"
"79761","Odessa","Ector","33602"
"77530","Channelview","Harris","33437"
"79904","El Paso","El Paso","33428"
"77304","Conroe","Montgomery","33364"
"75032","Rockwall","Rockwall","33080"
"75238","Dallas","Dallas","33049"
"77017","Houston","Harris","32985"
"77803","Bryan","Brazos","32946"
"78211","San Antonio","Bexar","32769"
"77096","Houston","Harris","32682"
"77047","Houston","Harris","32616"
"77515","Angleton","Brazoria","32469"
"75229","Dallas","Dallas","32322"
"79701","Midland","Midland","32219"
"77536","Deer Park","Harris","32146"
"76016","Arlington","Tarrant","32026"
"76110","Fort Worth","Tarrant","31926"
"77038","Houston","Harris","31912"
"76705","Waco","Mclennan","31734"
"78750","Austin","Travis","31734"
"76901","San Angelo","Tom Green","31667"
"77053","Houston","Harris","31650"
"77590","Texas City","Galveston","31604"
"75241","Dallas","Dallas","31562"
"76040","Euless","Tarrant","31519"
"75232","Dallas","Dallas","31453"
"76092","Southlake","Tarrant","31424"
"78023","Helotes","Bexar","31357"
"77340","Huntsville","Walker","31352"
"76903","San Angelo","Tom Green","31248"
"76018","Arlington","Tarrant","31200"
"76117","Haltom City","Tarrant","31068"
"76182","North Richland Hills","Tarrant","31046"
"75604","Longview","Gregg","31027"
"78132","New Braunfels","Comal","30987"
"78244","San Antonio","Bexar","30981"
"75041","Garland","Dallas","30880"
"76053","Hurst","Tarrant","30765"
"77016","Houston","Harris","30741"
"76140","Fort Worth","Tarrant","30723"
"78717","Austin","Williamson","30657"
"78727","Austin","Travis","30561"
"77033","Houston","Harris","30558"
"75204","Dallas","Dallas","30537"
"76548","Harker Heights","Bell","30510"
"75605","Longview","Gregg","30501"
"75901","Lufkin","Angelina","30429"
"75010","Carrollton","Denton","30406"
"78418","Corpus Christi","Nueces","30312"
"76543","Killeen","Bell","30268"
"76107","Fort Worth","Tarrant","30168"
"76401","Stephenville","Erath","30003"
"75038","Irving","Dallas","29990"
"77532","Crosby","Harris","29963"
"78602","Bastrop","Bastrop","29795"
"79605","Abilene","Taylor","29732"
"75208","Dallas","Dallas","29706"
"76049","Granbury","Hood","29698"
"78363","Kingsville","Kleberg","29544"
"77706","Beaumont","Jefferson","29474"
"77566","Lake Jackson","Brazoria","29436"
"77833","Brenham","Washington","29345"
"77355","Magnolia","Montgomery","29281"
"77023","Houston","Harris","29138"
"75189","Royse City","Rockwall","29135"
"76020","Azle","Tarrant","29131"
"78332","Alice","Jim Wells","28941"
"78617","Del Valle","Travis","28930"
"77630","Orange","Orange","28925"
"77071","Houston","Harris","28888"
"77039","Houston","Harris","28877"
"78212","San Antonio","Bexar","28865"
"75078","Prosper","Collin","28803"
"78729","Austin","Williamson","28644"
"77086","Houston","Harris","28636"
"78746","Austin","Travis","28608"
"76201","Denton","Denton","28601"
"75119","Ennis","Ellis","28598"
"77005","Houston","Harris","28572"
"75110","Corsicana","Navarro","28558"
"77025","Houston","Harris","28540"
"75240","Dallas","Dallas","28534"
"78410","Corpus Christi","Nueces","28396"
"75455","Mount Pleasant","Titus","28354"
"78102","Beeville","Bee","28323"
"79930","El Paso","El Paso","28277"
"75181","Mesquite","Dallas","28263"
"79932","El Paso","El Paso","28243"
"77018","Houston","Harris","28229"
"77904","Victoria","Victoria","28202"
"76240","Gainesville","Cooke","28010"
"77345","Humble","Harris","27993"
"76708","Waco","Mclennan","27964"
"77022","Houston","Harris","27924"
"76087","Weatherford","Parker","27760"
"77091","Houston","Harris","27750"
"77357","New Caney","Montgomery","27721"
"75702","Tyler","Smith","27698"
"78214","San Antonio","Bexar","27558"
"79601","Abilene","Taylor","27507"
"75230","Dallas","Dallas","27489"
"78239","San Antonio","Bexar","27431"
"78731","Austin","Travis","27298"
"79106","Amarillo","Potter","27268"
"76132","Fort Worth","Tarrant","27243"
"75022","Flower Mound","Denton","27201"
"76036","Crowley","Tarrant","27056"
"77356","Montgomery","Montgomery","26987"
"75254","Dallas","Dallas","26929"
"75766","Jacksonville","Cherokee","26925"
"75252","Dallas","Dallas","26867"
"76226","Argyle","Denton","26761"
"75212","Dallas","Dallas","26720"
"79072","Plainview","Hale","26629"
"76114","Fort Worth","Tarrant","26563"
"77062","Houston","Harris","26477"
"77598","Webster","Harris","26460"
"79934","El Paso","El Paso","26445"
"78754","Austin","Travis","26433"
"76034","Colleyville","Tarrant","26418"
"77020","Houston","Harris","26357"
"78259","San Antonio","Bexar","26338"
"78260","San Antonio","Bexar","26301"
"77662","Vidor","Orange","26277"
"77061","Houston","Harris","26253"
"77021","Houston","Harris","26214"
"76134","Fort Worth","Tarrant","26151"
"77316","Montgomery","Montgomery","26119"
"76033","Cleburne","Johnson","26081"
"75088","Rowlett","Dallas","26039"
"78411","Corpus Christi","Nueces","25987"
"77380","Spring","Montgomery","25761"
"78724","Austin","Travis","25723"
"77478","Sugar Land","Fort Bend","25721"
"76012","Arlington","Tarrant","25719"
"78757","Austin","Travis","25706"
"76209","Denton","Denton","25689"
"78238","San Antonio","Bexar","25660"
"79706","Midland","Midland","25657"
"77802","Bryan","Brazos","25621"
"75048","Sachse","Dallas","25598"
"75160","Terrell","Kaufman","25525"
"76712","Woodway","Mclennan","25525"
"75503","Texarkana","Bowie","25517"
"75090","Sherman","Grayson","25418"
"78222","San Antonio","Bexar","25227"
"77545","Fresno","Fort Bend","25226"
"77385","Conroe","Montgomery","25160"
"75219","Dallas","Dallas","25120"
"79606","Abilene","Taylor","25053"
"76801","Brownwood","Brown","25011"
"75482","Sulphur Springs","Hopkins","24984"
"75662","Kilgore","Gregg","24976"
"77504","Pasadena","Harris","24954"
"75092","Sherman","Grayson","24905"
"75205","Dallas","Dallas","24877"
"79602","Abilene","Taylor","24876"
"76710","Waco","Mclennan","24837"
"76048","Granbury","Hood","24822"
"77503","Pasadena","Harris","24808"
"77043","Houston","Harris","24803"
"76006","Arlington","Tarrant","24684"
"76208","Denton","Denton","24621"
"78653","Manor","Travis","24313"
"78380","Robstown","Nueces","24300"
"77505","Pasadena","Harris","24223"
"78114","Floresville","Wilson","24009"
"76148","Fort Worth","Tarrant","23993"
"77414","Bay City","Matagorda","23982"
"75180","Mesquite","Dallas","23941"
"78621","Elgin","Bastrop","23936"
"75253","Dallas","Dallas","23900"
"79703","Midland","Midland","23834"
"76544","Killeen","Bell","23834"
"76504","Temple","Bell","23756"
"76086","Weatherford","Parker","23699"
"78702","Austin","Travis","23671"
"75460","Paris","Lamar","23504"
"75082","Richardson","Dallas","23483"
"79603","Abilene","Taylor","23454"
"76126","Fort Worth","Tarrant","23450"
"79118","Amarillo","Randall","23381"
"77327","Cleveland","Liberty","23274"
"77054","Houston","Harris","23267"
"75094","Plano","Collin","23239"
"75020","Denison","Grayson","23232"
"76109","Fort Worth","Tarrant","23220"
"77632","Orange","Orange","22903"
"78224","San Antonio","Bexar","22851"
"79407","Lubbock","Lubbock","22807"
"76011","Arlington","Tarrant","22622"
"77006","Houston","Harris","22580"
"77586","Seabrook","Harris","22548"
"76111","Fort Worth","Tarrant","22531"
"75218","Dallas","Dallas","22529"
"77578","Manvel","Brazoria","22527"
"78801","Uvalde","Uvalde","22518"
"78624","Fredericksburg","Gillespie","22444"
"78148","Universal City","Bexar","22364"
"76052","Haslet","Tarrant","22290"
"76105","Fort Worth","Tarrant","22179"
"79764","Odessa","Ector","22172"
"77019","Houston","Harris","22057"
"77056","Houston","Harris","22056"
"76135","Fort Worth","Tarrant","21973"
"77551","Galveston","Galveston","21929"
"75803","Palestine","Anderson","21928"
"79015","Canyon","Randall","21925"
"75134","Lancaster","Dallas","21879"
"77550","Galveston","Galveston","21863"
"79413","Lubbock","Lubbock","21821"
"75225","Dallas","Dallas","21736"
"77627","Nederland","Jefferson","21698"
"75602","Longview","Gregg","21655"
"78503","Mcallen","Hidalgo","21644"
"79905","El Paso","El Paso","21599"
"75237","Dallas","Dallas","21423"
"77657","Lumberton","Hardin","21345"
"76205","Denton","Denton","21326"
"76115","Fort Worth","Tarrant","21319"
"75771","Lindale","Smith","21310"
"77026","Houston","Harris","21300"
"78728","Austin","Travis","21125"
"78382","Rockport","Aransas","21123"
"78739","Austin","Travis","21040"
"78747","Austin","Travis","21021"
"78752","Austin","Travis","20881"
"77303","Conroe","Montgomery","20655"
"79065","Pampa","Gray","20606"
"79902","El Paso","El Paso","20496"
"76009","Alvarado","Johnson","20417"
"78703","Austin","Travis","20407"
"76067","Mineral Wells","Palo Pinto","20309"
"76082","Springtown","Parker","20194"
"75039","Irving","Dallas","20108"
"75159","Seagoville","Dallas","20098"
"76058","Joshua","Johnson","19904"
"75116","Duncanville","Dallas","19867"
"75964","Nacogdoches","Nacogdoches","19811"
"75146","Lancaster","Dallas","19701"
"77012","Houston","Harris","19597"
"75137","Duncanville","Dallas","19548"
"76308","Wichita Falls","Wichita","19493"
"77384","Conroe","Montgomery","19467"
"78734","Austin","Travis","19452"
"77401","Bellaire","Harris","19372"
"77069","Houston","Harris","19345"
"76008","Aledo","Parker","19338"
"75142","Kaufman","Kaufman","19261"
"77013","Houston","Harris","19198"
"76310","Wichita Falls","Wichita","19187"
"78584","Roma","Starr","19175"
"76574","Taylor","Williamson","19161"
"79110","Amarillo","Randall","19158"
"75401","Greenville","Hunt","19146"
"77037","Houston","Harris","18966"
"79045","Hereford","Deaf Smith","18847"
"79414","Lubbock","Lubbock","18731"
"77302","Conroe","Montgomery","18658"
"77541","Freeport","Brazoria","18609"
"78133","Canyon Lake","Comal","18483"
"75235","Dallas","Dallas","18429"
"78644","Lockhart","Caldwell","18390"
"77048","Houston","Harris","18383"
"78374","Portland","San Patricio","18369"
"76104","Fort Worth","Tarrant","18344"
"77707","Beaumont","Jefferson","18335"
"77027","Houston","Harris","18323"
"78654","Marble Falls","Burnet","18250"
"75236","Dallas","Dallas","18137"
"76120","Fort Worth","Tarrant","18125"
"78735","Austin","Travis","18122"
"75402","Greenville","Hunt","18087"
"77031","Houston","Harris","18058"
"79714","Andrews","Andrews","18036"
"77085","Houston","Harris","17991"
"75407","Princeton","Collin","17978"
"79415","Lubbock","Lubbock","17939"
"79403","Lubbock","Lubbock","17926"
"77979","Port Lavaca","Calhoun","17916"
"75965","Nacogdoches","Nacogdoches","17907"
"79935","El Paso","El Paso","17850"
"75215","Dallas","Dallas","17818"
"77029","Houston","Harris","17781"
"78732","Austin","Travis","17780"
"78404","Corpus Christi","Nueces","17761"
"76541","Killeen","Bell","17691"
"76031","Cleburne","Johnson","17668"
"75249","Dallas","Dallas","17649"
"77378","Willis","Montgomery","17616"
"78620","Dripping Springs","Hays","17590"
"75670","Marshall","Harrison","17539"
"79119","Amarillo","Randall","17524"
"75201","Dallas","Dallas","17476"
"77011","Houston","Harris","17447"
"77028","Houston","Harris","17425"
"78566","Los Fresnos","Cameron","17398"
"75203","Dallas","Dallas","17367"
"76528","Gatesville","Coryell","17284"
"75233","Dallas","Dallas","17280"
"79336","Levelland","Hockley","17270"
"77059","Houston","Harris","17254"
"78219","San Antonio","Bexar","17239"
"77051","Houston","Harris","17221"
"78737","Austin","Travis","17173"
"77868","Navasota","Grimes","17142"
"75751","Athens","Henderson","17084"
"76015","Arlington","Tarrant","16961"
"77587","South Houston","Harris","16928"
"77437","El Campo","Wharton","16913"
"77575","Liberty","Liberty","16884"
"78261","San Antonio","Bexar","16749"
"76501","Temple","Bell","16710"
"78220","San Antonio","Bexar","16700"
"79360","Seminole","Gaines","16666"
"76234","Decatur","Wise","16630"
"79412","Lubbock","Lubbock","16554"
"77656","Silsbee","Hardin","16524"
"79765","Odessa","Ector","16486"
"76118","Fort Worth","Tarrant","16378"
"75672","Marshall","Harrison","16351"
"75409","Anna","Collin","16349"
"77318","Willis","Montgomery","16303"
"77447","Hockley","Harris","16246"
"75801","Palestine","Anderson","16244"
"77531","Clute","Brazoria","16228"
"75652","Henderson","Rusk","16223"
"78751","Austin","Travis","16197"
"78064","Pleasanton","Atascosa","16186"
"77058","Houston","Harris","16120"
"76266","Sanger","Denton","16112"
"79108","Amarillo","Potter","16112"
"75961","Nacogdoches","Nacogdoches","16004"
"79903","El Paso","El Paso","15995"
"78738","Austin","Travis","15986"
"78416","Corpus Christi","Nueces","15973"
"79549","Snyder","Scurry","15943"
"75951","Jasper","Jasper","15859"
"78015","Boerne","Bexar","15811"
"75601","Longview","Gregg","15719"
"77640","Port Arthur","Jefferson","15706"
"76707","Waco","Mclennan","15688"
"77568","La Marque","Galveston","15680"
"77078","Houston","Harris","15663"
"77619","Groves","Jefferson","15662"
"77002","Houston","Harris","15613"
"79029","Dumas","Moore","15584"
"76164","Fort Worth","Tarrant","15488"
"76103","Fort Worth","Tarrant","15486"
"78070","Spring Branch","Comal","15457"
"77801","Bryan","Brazos","15068"
"78405","Corpus Christi","Nueces","15059"
"75474","Quinlan","Hunt","15017"
"75001","Addison","Dallas","14992"
"76306","Wichita Falls","Wichita","14980"
"75057","Lewisville","Denton","14960"
"75223","Dallas","Dallas","14941"
"77591","Texas City","Galveston","14936"
"78580","Raymondville","Willacy","14839"
"77905","Victoria","Victoria","14834"
"78255","San Antonio","Bexar","14825"
"76301","Wichita Falls","Wichita","14757"
"76207","Denton","Denton","14588"
"75418","Bonham","Fannin","14571"
"77032","Houston","Harris","14535"
"75103","Canton","Van Zandt","14530"
"77488","Wharton","Wharton","14525"
"76643","Hewitt","Mclennan","14523"
"75773","Mineola","Wood","14523"
"75143","Kemp","Kaufman","14510"
"77510","Santa Fe","Galveston","14485"
"78225","San Antonio","Bexar","14472"
"77328","Cleveland","Liberty","14438"
"78248","San Antonio","Bexar","14345"
"75209","Dallas","Dallas","14308"
"79007","Borger","Hutchinson","14290"
"76367","Iowa Park","Wichita","14247"
"77713","Beaumont","Jefferson","14238"
"75707","Tyler","Smith","14232"
"77445","Hempstead","Waller","14200"
"75169","Wills Point","Van Zandt","14142"
"77372","Splendora","Montgomery","14116"
"75009","Celina","Collin","14089"
"78726","Austin","Travis","14040"
"79772","Pecos","Reeves","14029"
"78557","Hidalgo","Hidalgo","13970"
"79735","Fort Stockton","Pecos","13915"
"77703","Beaumont","Jefferson","13823"
"77098","Houston","Harris","13818"
"78612","Cedar Creek","Bastrop","13802"
"75647","Gladewater","Gregg","13712"
"78861","Hondo","Medina","13663"
"75935","Center","Shelby","13648"
"76247","Justin","Denton","13601"
"77306","Conroe","Montgomery","13569"
"75791","Whitehouse","Smith","13562"
"76022","Bedford","Tarrant","13495"
"76302","Wichita Falls","Wichita","13482"
"77701","Beaumont","Jefferson","13480"
"75644","Gilmer","Upshur","13427"
"76550","Lampasas","Lampasas","13412"
"78121","La Vernia","Wilson","13276"
"78559","La Feria","Cameron","13255"
"75244","Dallas","Dallas","13254"
"77422","Brazoria","Brazoria","13194"
"75686","Pittsburg","Camp","13184"
"75633","Carthage","Panola","13161"
"77336","Huffman","Harris","13156"
"78676","Wimberley","Hays","13124"
"76450","Graham","Young","13112"
"78076","Zapata","Zapata","13029"
"76309","Wichita Falls","Wichita","12991"
"78611","Burnet","Burnet","12921"
"78669","Spicewood","Travis","12901"
"78163","Bulverde","Comal","12874"
"78061","Pearsall","Frio","12858"
"79556","Sweetwater","Nolan","12833"
"75757","Bullard","Smith","12802"
"77651","Port Neches","Jefferson","12782"
"75654","Henderson","Rusk","12664"
"75065","Lake Dallas","Denton","12640"
"77441","Fulshear","Fort Bend","12559"
"77708","Beaumont","Jefferson","12536"
"77474","Sealy","Austin","12487"
"79331","Lamesa","Dawson","12426"
"75762","Flint","Smith","12412"
"78629","Gonzales","Gonzales","12393"
"77423","Brookshire","Waller","12377"
"78642","Liberty Hill","Williamson","12363"
"76426","Bridgeport","Wise","12351"
"76054","Hurst","Tarrant","12280"
"78204","San Antonio","Bexar","12231"
"75979","Woodville","Tyler","12228"
"78575","Olmito","Cameron","12215"
"76905","San Angelo","Tom Green","12206"
"76384","Vernon","Wilbarger","12179"
"75167","Waxahachie","Ellis","12170"
"79849","San Elizario","El Paso","12157"
"76354","Burkburnett","Wichita","12114"
"78721","Austin","Travis","12110"
"77836","Caldwell","Burleson","12077"
"77808","Bryan","Brazos","12013"
"78252","San Antonio","Bexar","12009"
"75054","Grand Prairie","Dallas","11927"
"76088","Weatherford","Parker","11907"
"78578","Port Isabel","Cameron","11772"
"76177","Fort Worth","Tarrant","11695"
"75462","Paris","Lamar","11641"
"78016","Devine","Medina","11632"
"78408","Corpus Christi","Nueces","11583"
"78645","Leander","Travis","11579"
"77807","Bryan","Brazos","11564"
"77954","Cuero","De Witt","11478"
"78202","San Antonio","Bexar","11453"
"77461","Needville","Fort Bend","11447"
"79022","Dalhart","Dallam","11400"
"75428","Commerce","Hunt","11371"
"75785","Rusk","Cherokee","11357"
"79316","Brownfield","Terry","11310"
"75551","Atlanta","Cass","11251"
"78256","San Antonio","Bexar","11238"
"77030","Houston","Harris","11229"
"78336","Aransas Pass","San Patricio","11214"
"79835","Canutillo","El Paso","11184"
"78538","Edcouch","Hidalgo","11137"
"78065","Poteet","Atascosa","11130"
"76667","Mexia","Limestone","11098"
"75835","Crockett","Houston","11086"
"75570","New Boston","Bowie","11071"
"77563","Hitchcock","Galveston","11027"
"76085","Weatherford","Parker","11014"
"77068","Houston","Harris","11011"
"77484","Waller","Waller","10875"
"79103","Amarillo","Potter","10869"
"77518","Bacliff","Galveston","10856"
"78701","Austin","Travis","10848"
"75645","Gilmer","Upshur","10797"
"78945","La Grange","Fayette","10767"
"77995","Yoakum","Lavaca","10724"
"77562","Highlands","Harris","10680"
"78264","San Antonio","Bexar","10623"
"78576","Penitas","Hidalgo","10600"
"76645","Hillsboro","Hill","10568"
"77418","Bellville","Austin","10537"
"75454","Melissa","Collin","10467"
"75706","Tyler","Smith","10449"
"77094","Houston","Harris","10271"
"76692","Whitney","Hill","10252"
"76078","Rhome","Wise","10247"
"78362","Ingleside","San Patricio","10218"
"75704","Tyler","Smith","10199"
"75862","Trinity","Trinity","10176"
"79410","Lubbock","Lubbock","10166"
"78736","Austin","Travis","10163"
"76657","Mc Gregor","Mclennan","10108"
"79404","Lubbock","Lubbock","10094"
"76711","Waco","Mclennan","9988"
"75494","Winnsboro","Wood","9940"
"77547","Galena Park","Harris","9925"
"76230","Bowie","Montague","9896"
"79102","Amarillo","Potter","9878"
"79070","Perryton","Ochiltree","9851"
"75650","Hallsville","Harrison","9837"
"76273","Whitesboro","Grayson","9806"
"78730","Austin","Travis","9803"
"77625","Kountze","Hardin","9761"
"78003","Bandera","Bandera","9743"
"77003","Houston","Harris","9707"
"78957","Smithville","Bastrop","9699"
"78387","Sinton","San Patricio","9660"
"79901","El Paso","El Paso","9590"
"79756","Monahans","Ward","9565"
"78063","Pipe Creek","Bandera","9484"
"78368","Mathis","San Patricio","9460"
"77612","Buna","Jasper","9408"
"75442","Farmersville","Collin","9308"
"76102","Fort Worth","Tarrant","9282"
"76567","Rockdale","Milam","9161"
"75861","Tennessee Colony","Anderson","9126"
"76084","Venus","Johnson","9109"
"78942","Giddings","Lee","9033"
"78231","San Antonio","Bexar","9001"
"78839","Crystal City","Zavala","8995"
"76311","Sheppard Afb","Wichita","8987"
"75956","Kirbyville","Jasper","8937"
"78733","Austin","Travis","8927"
"78616","Dale","Caldwell","8918"
"75021","Denison","Grayson","8847"
"79124","Amarillo","Potter","8800"
"78639","Kingsland","Llano","8792"
"75758","Chandler","Henderson","8739"
"77957","Edna","Jackson","8735"
"75495","Van Alstyne","Grayson","8729"
"76424","Breckenridge","Stephens","8721"
"78756","Austin","Travis","8694"
"78543","Elsa","Hidalgo","8689"
"75210","Dallas","Dallas","8673"
"77565","Kemah","Galveston","8650"
"76571","Salado","Bell","8630"
"78112","Elmendorf","Bexar","8617"
"76539","Kempner","Lampasas","8608"
"78073","Von Ormy","Bexar","8580"
"77611","Bridge City","Orange","8578"
"77554","Galveston","Galveston","8556"
"78725","Austin","Travis","8469"
"76060","Kennedale","Tarrant","8468"
"78009","Castroville","Medina","8466"
"75941","Diboll","Angelina","8465"
"77964","Hallettsville","Lavaca","8395"
"76249","Krum","Denton","8317"
"76655","Lorena","Mclennan","8312"
"75949","Huntington","Angelina","8225"
"75076","Pottsboro","Grayson","8156"
"79382","Wolfforth","Lubbock","8149"
"78648","Luling","Caldwell","8148"
"78834","Carrizo Springs","Dimmit","8059"
"77480","Sweeny","Brazoria","8055"
"77371","Shepherd","San Jacinto","8036"
"77331","Coldspring","San Jacinto","7971"
"76704","Waco","Mclennan","7956"
"75783","Quitman","Wood","7942"
"79922","El Paso","El Paso","7932"
"79401","Lubbock","Lubbock","7912"
"76442","Comanche","Comanche","7909"
"78226","San Antonio","Bexar","7906"
"75684","Overton","Rusk","7894"
"79830","Alpine","Brewster","7860"
"75789","Troup","Smith","7806"
"76661","Marlin","Falls","7755"
"76520","Cameron","Milam","7722"
"76446","Dublin","Erath","7709"
"75207","Dallas","Dallas","7702"
"75708","Tyler","Smith","7698"
"79766","Odessa","Ector","7694"
"79364","Slaton","Lubbock","7630"
"75140","Grand Saline","Van Zandt","7595"
"79510","Clyde","Callahan","7573"
"77864","Madisonville","Madison","7562"
"78257","San Antonio","Bexar","7538"
"77486","West Columbia","Brazoria","7491"
"79512","Colorado City","Mitchell","7456"
"76043","Glen Rose","Somervell","7440"
"76634","Clifton","Bosque","7431"
"75135","Caddo Mills","Hunt","7363"
"78013","Comfort","Kendall","7312"
"79201","Childress","Childress","7288"
"75657","Jefferson","Marion","7261"
"79323","Denver City","Yoakum","7252"
"79347","Muleshoe","Bailey","7202"
"78722","Austin","Travis","7180"
"78355","Falfurrias","Brooks","7168"
"78119","Kenedy","Karnes","7160"
"75765","Hawkins","Wood","7157"
"77465","Palacios","Matagorda","7151"
"78583","Rio Hondo","Cameron","7137"
"79821","Anthony","El Paso","7136"
"75693","White Oak","Gregg","7076"
"79104","Amarillo","Potter","7019"
"79406","Lubbock","Lubbock","7017"
"79411","Lubbock","Lubbock","7012"
"76258","Pilot Point","Denton","7010"
"75752","Athens","Henderson","6998"
"79745","Kermit","Winkler","6984"
"76642","Groesbeck","Limestone","6949"
"78266","San Antonio","Comal","6913"
"78124","Marion","Guadalupe","6913"
"76023","Boyd","Wise","6909"
"76825","Brady","Mcculloch","6908"
"78236","San Antonio","Bexar","6896"
"78002","Atascosa","Bexar","6833"
"75114","Crandall","Kaufman","6829"
"78934","Columbus","Colorado","6816"
"78052","Lytle","Atascosa","6769"
"77859","Hearne","Robertson","6750"
"75147","Mabank","Kaufman","6636"
"75754","Ben Wheeler","Van Zandt","6627"
"79339","Littlefield","Lamb","6617"
"75161","Terrell","Kaufman","6529"
"77446","Prairie View","Waller","6520"
"75860","Teague","Freestone","6516"
"75457","Mount Vernon","Franklin","6501"
"78101","Adkins","Bexar","6465"
"78026","Jourdanton","Atascosa","6452"
"77362","Pinehurst","Montgomery","6435"
"79908","El Paso","El Paso","6422"
"75840","Fairfield","Freestone","6340"
"76691","West","Mclennan","6333"
"75125","Ferris","Ellis","6326"
"75182","Sunnyvale","Dallas","6325"
"78643","Llano","Llano","6298"
"78657","Marble Falls","Burnet","6277"
"78605","Bertram","Burnet","6275"
"75948","Hemphill","Sabine","6268"
"75440","Emory","Rains","6258"
"75763","Frankston","Anderson","6247"
"76050","Grandview","Johnson","6212"
"76559","Nolanville","Bell","6211"
"78203","San Antonio","Bexar","6180"
"79838","Fabens","El Paso","6171"
"75972","San Augustine","San Augustine","6169"
"77665","Winnie","Chambers","6152"
"78069","Somerset","Bexar","6115"
"76458","Jacksboro","Jack","6111"
"75603","Longview","Gregg","6100"
"78017","Dilley","Frio","6074"
"76259","Ponder","Denton","6045"
"79121","Amarillo","Randall","6002"
"78014","Cotulla","La Salle","5999"
"78372","Orange Grove","Jim Wells","5971"
"75844","Grapeland","Houston","5968"
"75148","Malakoff","Henderson","5961"
"78595","Sullivan City","Hidalgo","5959"
"75839","Elkhart","Anderson","5927"
"78593","Santa Rosa","Cameron","5895"
"79356","Post","Garza","5893"
"79836","Clint","El Paso","5891"
"77963","Goliad","Goliad","5855"
"78579","Progreso","Hidalgo","5836"
"76437","Cisco","Eastland","5818"
"76155","Fort Worth","Tarrant","5813"
"79911","El Paso","El Paso","5794"
"76537","Jarrell","Williamson","5782"
"75141","Hutchins","Dallas","5782"
"78384","San Diego","Duval","5739"
"78956","Schulenburg","Fayette","5685"
"79363","Shallowater","Lubbock","5678"
"77517","Santa Fe","Galveston","5677"
"76073","Paradise","Wise","5656"
"77879","Somerville","Burleson","5621"
"76059","Keene","Johnson","5601"
"77358","New Waverly","Walker","5565"
"78606","Blanco","Blanco","5547"
"78059","Natalia","Medina","5545"
"75831","Buffalo","Leon","5529"
"75638","Daingerfield","Morris","5505"
"79088","Tulia","Swisher","5394"
"78652","Manchaca","Travis","5374"
"76557","Moody","Mclennan","5331"
"77659","Sour Lake","Hardin","5326"
"78361","Hebbronville","Jim Hogg","5320"
"76255","Nocona","Montague","5311"
"76834","Coleman","Coleman","5310"
"79035","Friona","Parmer","5307"
"79906","El Paso","El Paso","5295"
"76633","China Spring","Mclennan","5290"
"78401","Corpus Christi","Nueces","5265"
"75939","Corrigan","Polk","5260"
"79536","Merkel","Taylor","5258"
"76802","Early","Brown","5251"
"77856","Franklin","Robertson","5246"
"76579","Troy","Bell","5223"
"76448","Eastland","Eastland","5196"
"75152","Palmer","Ellis","5195"
"79036","Fritch","Hutchinson","5184"
"75755","Big Sandy","Upshur","5178"
"75459","Howe","Grayson","5156"
"78962","Weimar","Colorado","5138"
"77514","Anahuac","Chambers","5127"
"75559","De Kalb","Bowie","5122"
"77360","Onalaska","Polk","5115"
"75491","Whitewright","Grayson","5064"
"78390","Taft","San Patricio","5059"
"78234","San Antonio","Bexar","4965"
"75410","Alba","Wood","4954"
"75851","Lovelady","Houston","4954"
"78370","Odem","San Patricio","4952"
"75561","Hooks","Bowie","4939"
"75966","Newton","Newton","4920"
"78025","Ingram","Kerr","4918"
"78160","Stockdale","Wilson","4918"
"78208","San Antonio","Bexar","4913"
"75640","Diana","Upshur","4859"
"78560","La Joya","Hidalgo","4847"
"75567","Maud","Bowie","4824"
"79027","Dimmitt","Castro","4794"
"79731","Crane","Crane","4772"
"77050","Houston","Harris","4741"
"77434","Eagle Lake","Colorado","4740"
"75709","Tyler","Smith","4731"
"76531","Hamilton","Hamilton","4728"
"76365","Henrietta","Clay","4688"
"75452","Leonard","Fannin","4650"
"78947","Lexington","Lee","4634"
"77485","Wallis","Austin","4627"
"75172","Wilmer","Dallas","4619"
"76071","Newark","Wise","4589"
"75226","Dallas","Dallas","4579"
"76821","Ballinger","Runnels","4561"
"75563","Linden","Cass","4528"
"78343","Bishop","Nueces","4526"
"78619","Driftwood","Hays","4505"
"79782","Stanton","Martin","4497"
"75756","Brownsboro","Henderson","4450"
"78263","San Antonio","Bexar","4440"
"75692","Waskom","Harrison","4414"
"75173","Nevada","Collin","4409"
"76044","Godley","Johnson","4401"
"75166","Lavon","Collin","4395"
"78373","Port Aransas","Nueces","4393"
"75426","Clarksville","Red River","4393"
"79845","Presidio","Presidio","4384"
"75109","Corsicana","Navarro","4384"
"78071","Three Rivers","Live Oak","4372"
"76877","San Saba","San Saba","4371"
"78562","La Villa","Hidalgo","4341"
"75656","Hughes Springs","Cass","4331"
"75691","Tatum","Rusk","4320"
"78383","Sandia","Jim Wells","4296"
"78118","Karnes City","Karnes","4264"
"76305","Wichita Falls","Wichita","4261"
"75124","Eustace","Henderson","4255"
"75158","Scurry","Kaufman","4191"
"76272","Valley View","Cooke","4116"
"78569","Lyford","Willacy","4101"
"78417","Corpus Christi","Nueces","4095"
"75472","Point","Rains","4087"
"78022","George West","Live Oak","4033"
"75975","Timpson","Shelby","4031"
"77435","East Bernard","Wharton","4031"
"75852","Midway","Madison","4017"
"76457","Hico","Hamilton","4013"
"75925","Alto","Cherokee","4002"
"75117","Edgewood","Van Zandt","3984"
"77984","Shiner","Lavaca","3972"
"79014","Canadian","Hemphill","3964"
"79081","Spearman","Hansford","3918"
"75497","Yantis","Wood","3907"
"75572","Queen City","Cass","3896"
"76950","Sonora","Sutton","3867"
"75790","Van","Van Zandt","3864"
"76374","Olney","Young","3858"
"75969","Pollok","Angelina","3854"
"76932","Big Lake","Reagan","3819"
"76849","Junction","Kimble","3785"
"75750","Arp","Smith","3766"
"76462","Lipan","Hood","3762"
"78377","Refugio","Refugio","3745"
"75946","Garrison","Nacogdoches","3744"
"75496","Wolfe City","Hunt","3739"
"76856","Mason","Mason","3735"
"75683","Ore City","Upshur","3709"
"78164","Yorktown","De Witt","3706"
"75473","Powderly","Lamar","3688"
"76664","Mart","Mclennan","3688"
"75144","Kerens","Navarro","3668"
"78832","Brackettville","Kinney","3659"
"77962","Ganado","Jackson","3654"
"76431","Chico","Wise","3630"
"76380","Seymour","Baylor","3630"
"79013","Cactus","Moore","3618"
"79521","Haskell","Haskell","3611"
"76470","Ranger","Eastland","3580"
"76640","Elm Mott","Mclennan","3567"
"76689","Valley Mills","Bosque","3565"
"78113","Falls City","Karnes","3558"
"78636","Johnson City","Blanco","3555"
"76360","Electra","Wichita","3545"
"76844","Goldthwaite","Mills","3534"
"75432","Cooper","Delta","3504"
"78010","Center Point","Kerr","3493"
"79068","Panhandle","Carson","3489"
"78140","Nixon","Gonzales","3486"
"75569","Nash","Bowie","3464"
"79567","Winters","Runnels","3432"
"76943","Ozona","Crockett","3420"
"75414","Bells","Grayson","3416"
"79311","Abernathy","Hale","3415"
"75974","Tenaha","Shelby","3410"
"79562","Tuscola","Taylor","3371"
"79504","Baird","Callahan","3366"
"76444","De Leon","Comanche","3339"
"79607","Dyess Afb","Taylor","3308"
"79235","Floydada","Floyd","3298"
"76233","Collinsville","Grayson","3294"
"79553","Stamford","Jones","3270"
"76651","Italy","Ellis","3250"
"75631","Beckville","Panola","3248"
"75962","Nacogdoches","Nacogdoches","3242"
"75155","Rice","Ellis","3233"
"77702","Beaumont","Jefferson","3225"
"77968","Inez","Victoria","3214"
"76577","Thorndale","Milam","3187"
"77831","Bedias","Grimes","3179"
"75446","Honey Grove","Fannin","3178"
"75571","Omaha","Morris","3134"
"79329","Idalou","Lubbock","3112"
"75423","Celeste","Hunt","3110"
"77830","Anderson","Grimes","3101"
"75661","Karnack","Harrison","3094"
"75422","Campbell","Hunt","3088"
"75855","Oakwood","Leon","3078"
"75416","Blossom","Lamar","3070"
"76487","Poolville","Parker","3058"
"76534","Holland","Bell","3046"
"75453","Lone Oak","Hunt","3046"
"76524","Eddy","Mclennan","3042"
"79359","Seagraves","Gaines","3025"
"75424","Blue Ridge","Collin","3024"
"76823","Bangs","Brown","3024"
"75792","Winona","Smith","3002"
"76936","Eldorado","Schleicher","2983"
"79916","El Paso","El Paso","2979"
"77335","Goodrich","Polk","2972"
"76527","Florence","Williamson","2969"
"78631","Harper","Gillespie","2964"
"75846","Jewett","Leon","2957"
"79252","Quanah","Hardeman","2954"
"78375","Premont","Jim Wells","2951"
"75778","Murchison","Henderson","2947"
"75833","Centerville","Leon","2944"
"77664","Warren","Tyler","2939"
"75845","Groveton","Trinity","2926"
"75639","De Berry","Panola","2926"
"75770","Larue","Henderson","2925"
"79373","Tahoka","Lynn","2924"
"78215","San Antonio","Bexar","2915"
"76638","Crawford","Mclennan","2910"
"76648","Hubbard","Hill","2887"
"78357","Freer","Duval","2886"
"75251","Dallas","Dallas","2861"
"79226","Clarendon","Donley","2861"
"76225","Alvord","Wise","2857"
"77363","Plantersville","Grimes","2853"
"76682","Riesel","Mclennan","2846"
"78655","Martindale","Caldwell","2845"
"75973","Shelbyville","Shelby","2828"
"78597","South Padre Island","Cameron","2818"
"76055","Itasca","Hill","2811"
"75433","Cumby","Hopkins","2808"
"75705","Tyler","Smith","2762"
"75246","Dallas","Dallas","2760"
"79041","Hale Center","Hale","2754"
"77871","Normangee","Leon","2738"
"78409","Corpus Christi","Nueces","2725"
"75163","Trinidad","Henderson","2716"
"78941","Flatonia","Fayette","2709"
"78407","Corpus Christi","Nueces","2704"
"76570","Rosebud","Falls","2700"
"77420","Boling","Wharton","2695"
"75417","Bogata","Red River","2688"
"76569","Rogers","Bell","2681"
"75058","Gunter","Grayson","2666"
"79501","Anson","Jones","2659"
"76597","Gatesville","Coryell","2657"
"79095","Wellington","Collingsworth","2657"
"76476","Tolar","Hood","2628"
"76252","Muenster","Cooke","2624"
"79853","Tornillo","El Paso","2621"
"76066","Millsap","Parker","2621"
"79079","Shamrock","Wheeler","2617"
"78659","Paige","Bastrop","2616"
"75938","Colmesneil","Tyler","2585"
"76908","Goodfellow Afb","Tom Green","2554"
"77417","Beasley","Fort Bend","2550"
"77426","Chappell Hill","Washington","2524"
"78940","Fayetteville","Fayette","2521"
"76129","Fort Worth","Tarrant","2519"
"76511","Bartlett","Bell","2505"
"79525","Hawley","Jones","2498"
"79064","Olton","Lamb","2495"
"75490","Trenton","Fannin","2493"
"75436","Detroit","Red River","2480"
"79752","Mc Camey","Upton","2467"
"75954","Joaquin","Shelby","2466"
"79843","Marfa","Presidio","2456"
"76656","Lott","Falls","2446"
"76837","Eden","Concho","2440"
"77865","Marquez","Leon","2440"
"76449","Graford","Palo Pinto","2430"
"76665","Meridian","Bosque","2417"
"78656","Maxwell","Caldwell","2416"
"79758","Gardendale","Ector","2403"
"76554","Little River","Bell","2380"
"75668","Lone Star","Morris","2371"
"75630","Avinger","Cass","2370"
"79245","Memphis","Hall","2346"
"76599","Gatesville","Coryell","2339"
"77835","Burton","Washington","2330"
"75202","Dallas","Dallas","2312"
"75486","Sumner","Lamar","2291"
"76430","Albany","Shackelford","2288"
"79241","Lockney","Floyd","2270"
"77534","Danbury","Brazoria","2256"
"75980","Zavalla","Angelina","2254"
"75643","Gary","Panola","2253"
"75568","Naples","Morris","2238"
"79086","Sunray","Moore","2228"
"79346","Morton","Cochran","2225"
"76035","Cresson","Hood","2211"
"75931","Brookeland","Sabine","2203"
"77861","Iola","Grimes","2203"
"78662","Red Rock","Bastrop","2201"
"77455","Louise","Wharton","2194"
"79325","Farwell","Parmer","2184"
"78881","Sabinal","Uvalde","2184"
"78123","Mc Queeney","Guadalupe","2177"
"78152","Saint Hedwig","Bexar","2171"
"78393","Woodsboro","Refugio","2161"
"79734","Fort Davis","Jeff Davis","2145"
"79839","Fort Hancock","Hudspeth","2141"
"78056","Mico","Medina","2138"
"75859","Streetman","Freestone","2134"
"78638","Kingsbury","Guadalupe","2133"
"75554","Avery","Red River","2131"
"75681","Mount Enterprise","Rusk","2128"
"79357","Ralls","Crosby","2123"
"79084","Stratford","Sherman","2123"
"75431","Como","Hopkins","2122"
"79520","Hamlin","Jones","2121"
"79111","Amarillo","Potter","2108"
"79855","Van Horn","Culberson","2108"
"75487","Talco","Franklin","2106"
"75651","Harleton","Harrison","2100"
"78959","Waelder","Gonzales","2097"
"77430","Damon","Brazoria","2078"
"79096","Wheeler","Wheeler","2071"
"76351","Archer City","Archer","2068"
"75760","Cushing","Nacogdoches","2066"
"78873","Leakey","Real","2053"
"77983","Seadrift","Calhoun","2045"
"78147","Poth","Wilson","2035"
"78406","Corpus Christi","Nueces","2027"
"79322","Crosbyton","Crosby","2022"
"76624","Axtell","Mclennan","2015"
"76859","Menard","Menard","2015"
"78609","Buchanan Dam","Llano","1991"
"78359","Gregory","San Patricio","1977"
"79040","Gruver","Hansford","1962"
"76270","Sunset","Montague","1958"
"76127","Naval Air Station/ Jrb","Tarrant","1946"
"76861","Miles","Runnels","1945"
"78039","La Coste","Medina","1924"
"79083","Stinnett","Hutchinson","1923"
"77837","Calvert","Robertson","1922"
"76443","Cross Plains","Callahan","1914"
"76366","Holliday","Archer","1903"
"76701","Waco","Mclennan","1895"
"77564","Hull","Liberty","1888"
"76518","Buckholts","Milam","1880"
"77872","North Zulch","Madison","1879"
"76687","Thornton","Limestone","1879"
"79355","Plains","Yoakum","1877"
"78389","Skidmore","Bee","1874"
"76530","Granger","Williamson","1874"
"79019","Claude","Armstrong","1871"
"76454","Gorman","Eastland","1870"
"78055","Medina","Bandera","1867"
"79101","Amarillo","Potter","1851"
"78341","Benavides","Duval","1844"
"75847","Kennard","Houston","1843"
"77650","Port Bolivar","Galveston","1835"
"77364","Pointblank","San Jacinto","1828"
"76064","Maypearl","Ellis","1818"
"78950","New Ulm","Austin","1810"
"77951","Bloomington","Victoria","1809"
"76945","Robert Lee","Coke","1798"
"76433","Bluff Dale","Erath","1796"
"79546","Rotan","Fisher","1794"
"76093","Rio Vista","Johnson","1792"
"76271","Tioga","Grayson","1792"
"76935","Christoval","Tom Green","1791"
"75479","Savoy","Fannin","1786"
"76471","Rising Star","Eastland","1785"
"75930","Bronson","Sabine","1779"
"77482","Van Vleck","Matagorda","1779"
"79545","Roscoe","Nolan","1774"
"76472","Santo","Palo Pinto","1761"
"76857","May","Brown","1761"
"79009","Bovina","Parmer","1754"
"75932","Burkeville","Newton","1743"
"79005","Booker","Lipscomb","1714"
"78719","Austin","Travis","1709"
"76673","Mount Calm","Hill","1706"
"75127","Fruitvale","Van Zandt","1705"
"79343","Lorenzo","Crosby","1700"
"76878","Santa Anna","Coleman","1688"
"78011","Charlotte","Atascosa","1688"
"76629","Bremond","Robertson","1668"
"78151","Runge","Karnes","1662"
"75574","Simms","Bowie","1659"
"75929","Broaddus","San Augustine","1649"
"75968","Pineland","Sabine","1635"
"78650","Mc Dade","Bastrop","1632"
"78880","Rocksprings","Edwards","1626"
"76671","Morgan","Bosque","1621"
"79248","Paducah","Cottle","1621"
"76632","Chilton","Falls","1613"
"77975","Moulton","Lavaca","1609"
"78872","La Pryor","Zavala","1608"
"79370","Spur","Dickens","1594"
"76798","Waco","Mclennan","1591"
"75480","Scroggins","Franklin","1587"
"75558","Cookville","Titus","1582"
"75555","Bivins","Cass","1579"
"79851","Sierra Blanca","Hudspeth","1576"
"76641","Frost","Navarro","1575"
"76245","Gordonville","Grayson","1569"
"75132","Fate","Rockwall","1559"
"78594","Sebastian","Willacy","1555"
"79381","Wilson","Lynn","1548"
"75471","Pickton","Hopkins","1531"
"79313","Anton","Hockley","1528"
"76636","Covington","Hill","1525"
"76670","Milford","Ellis","1517"
"79043","Hart","Castro","1514"
"76264","Sadler","Grayson","1513"
"76627","Blum","Hill","1511"
"76556","Milano","Milam","1494"
"76693","Wortham","Freestone","1492"
"76578","Thrall","Williamson","1482"
"77577","Liverpool","Brazoria","1481"
"79529","Knox City","Knox","1480"
"78235","San Antonio","Bexar","1476"
"76265","Saint Jo","Montague","1472"
"79508","Buffalo Gap","Taylor","1470"
"78833","Camp Wood","Real","1463"
"76853","Lometa","Lampasas","1456"
"76941","Mertzon","Irion","1455"
"78829","Batesville","Zavala","1448"
"75943","Douglass","Nacogdoches","1442"
"78205","San Antonio","Bexar","1441"
"77622","Hamshire","Jefferson","1439"
"77880","Washington","Washington","1438"
"76679","Purdon","Navarro","1435"
"79012","Bushland","Potter","1427"
"79351","Odonnell","Lynn","1414"
"78379","Riviera","Kleberg","1413"
"79250","Petersburg","Hale","1401"
"79371","Sudan","Lamb","1399"
"76626","Blooming Grove","Navarro","1386"
"77456","Markham","Matagorda","1384"
"79031","Earth","Lamb","1377"
"75437","Dike","Hopkins","1377"
"75449","Ladonia","Fannin","1374"
"78024","Hunt","Kerr","1370"
"76371","Munday","Knox","1367"
"76630","Bruceville","Mclennan","1359"
"75102","Barry","Navarro","1358"
"76652","Kopperl","Bosque","1349"
"79739","Garden City","Glasscock","1322"
"79052","Kress","Swisher","1318"
"76639","Dawson","Navarro","1318"
"76432","Blanket","Brown","1314"
"78933","Cat Spring","Austin","1308"
"79502","Aspermont","Stonewall","1305"
"79227","Crowell","Foard","1302"
"79543","Roby","Fisher","1298"
"76453","Gordon","Palo Pinto","1295"
"76635","Coolidge","Limestone","1290"
"78672","Tow","Llano","1283"
"76653","Kosse","Limestone","1279"
"78946","Ledbetter","Fayette","1270"
"76389","Windthorst","Archer","1257"
"75447","Ivanhoe","Fannin","1256"
"79744","Iraan","Pecos","1255"
"79057","Mclean","Gray","1254"
"78019","Encinal","La Salle","1253"
"77419","Blessing","Matagorda","1253"
"76596","Gatesville","Coryell","1250"
"78935","Alleyton","Colorado","1234"
"76951","Sterling City","Sterling","1231"
"79372","Sundown","Hockley","1229"
"75556","Bloomburg","Cass","1214"
"76933","Bronte","Coke","1209"
"77046","Houston","Harris","1207"
"78963","West Point","Fayette","1202"
"77873","Richards","Grimes","1200"
"79042","Happy","Swisher","1200"
"75928","Bon Wier","Newton","1198"
"78159","Smiley","Gonzales","1196"
"75667","Laneville","Rusk","1193"
"79511","Coahoma","Howard","1183"
"75477","Roxton","Lamar","1183"
"78827","Asherton","Dimmit","1173"
"79718","Balmorhea","Reeves","1169"
"76372","Newcastle","Young","1166"
"75451","Leesburg","Camp","1163"
"76622","Aquilla","Hill","1160"
"75933","Call","Newton","1158"
"76250","Lindsay","Cooke","1157"
"75926","Apple Springs","Trinity","1151"
"79092","Vega","Oldham","1148"
"78884","Utopia","Uvalde","1134"
"75936","Chester","Tyler","1128"
"76486","Perrin","Jack","1125"
"75478","Saltillo","Hopkins","1120"
"78004","Bergheim","Kendall","1118"
"78623","Fischer","Comal","1113"
"78954","Round Top","Fayette","1110"
"79358","Ropesville","Hockley","1109"
"78850","D Hanis","Medina","1109"
"76690","Walnut Springs","Bosque","1101"
"75944","Etoile","Nacogdoches","1100"
"78870","Knippa","Uvalde","1099"
"77580","Mont Belvieu","Chambers","1099"
"76525","Evant","Coryell","1098"
"77613","China","Jefferson","1097"
"76239","Forestburg","Montague","1087"
"77615","Evadale","Jefferson","1084"
"76934","Carlsbad","Tom Green","1084"
"79563","Tye","Taylor","1074"
"79225","Chillicothe","Hardeman","1069"
"77519","Batson","Hardin","1066"
"77853","Dime Box","Lee","1059"
"77660","Spurger","Tyler","1057"
"79778","Rankin","Upton","1056"
"79366","Ransom Canyon","Lubbock","1056"
"75476","Ravenna","Fannin","1056"
"75420","Brashear","Hopkins","1052"
"77538","Devers","Liberty","1042"
"75439","Ector","Fannin","1035"
"75489","Tom Bean","Grayson","1032"
"76561","Oglesby","Coryell","1030"
"76538","Jonesboro","Coryell","1025"
"78558","La Blanca","Hidalgo","1021"
"77663","Village Mills","Hardin","1014"
"78549","Hargill","Hidalgo","1010"
"76455","Gustine","Comanche","1009"
"78632","Harwood","Gonzales","1003"
"75560","Douglassville","Cass","1002"
"77442","Garwood","Colorado","996"
"75959","Milam","Sabine","994"
"76228","Bellevue","Clay","994"
"75438","Dodd City","Fannin","992"
"79345","Meadow","Terry","990"
"77597","Wallisville","Chambers","986"
"77585","Saratoga","Hardin","986"
"76890","Zephyr","Brown","982"
"79312","Amherst","Lamb","978"
"78058","Mountain Home","Kerr","976"
"79541","Ovalo","Taylor","973"
"78615","Coupland","Williamson","971"
"78830","Big Wells","Dimmit","966"
"79039","Groom","Carson","965"
"76475","Strawn","Palo Pinto","956"
"76402","Stephenville","Erath","953"
"75435","Deport","Lamar","944"
"75468","Pattonville","Lamar","939"
"77533","Daisetta","Liberty","938"
"78330","Agua Dulce","Nueces","934"
"76483","Throckmorton","Throckmorton","932"
"76484","Palo Pinto","Palo Pinto","916"
"79010","Boys Ranch","Oldham","910"
"76070","Nemo","Somervell","895"
"75937","Chireno","Nacogdoches","891"
"77010","Houston","Harris","890"
"75411","Arthur City","Lamar","889"
"78742","Austin","Travis","887"
"77982","Port O Connor","Calhoun","884"
"78712","Austin","Travis","880"
"78663","Round Mountain","Blanco","873"
"78005","Bigfoot","Frio","870"
"79244","Matador","Motley","870"
"76621","Abbott","Hill","867"
"79097","White Deer","Carson","863"
"76427","Bryson","Jack","859"
"79526","Hermleigh","Scurry","837"
"79532","Loraine","Mitchell","826"
"79789","Wink","Winkler","824"
"79848","Sanderson","Terrell","823"
"79257","Silverton","Briscoe","822"
"76864","Mullin","Mills","821"
"77990","Tivoli","Refugio","811"
"76681","Richland","Navarro","801"
"75850","Leona","Leon","796"
"77971","Lolita","Jackson","792"
"77857","Gause","Milam","792"
"75247","Dallas","Dallas","792"
"77475","Sheridan","Colorado","790"
"77629","Nome","Jefferson","786"
"76251","Montague","Montague","779"
"75976","Wells","Cherokee","778"
"78419","Corpus Christi","Nueces","778"
"79367","Smyer","Hockley","777"
"75784","Reklaw","Cherokee","774"
"78067","San Ygnacio","Zapata","772"
"76872","Rochelle","Mcculloch","770"
"79063","Nazareth","Castro","768"
"75669","Long Branch","Panola","762"
"75566","Marietta","Cass","756"
"76832","Cherokee","San Saba","728"
"78877","Quemado","Maverick","724"
"79046","Higgins","Lipscomb","712"
"79852","Terlingua","Brewster","709"
"78671","Stonewall","Gillespie","706"
"78953","Rosanky","Bastrop","701"
"77978","Point Comfort","Calhoun","696"
"76631","Bynum","Hill","692"
"78843","Laughlin A F B","Val Verde","689"
"79788","Wickett","Ward","685"
"75550","Annona","Red River","681"
"79544","Rochester","Haskell","676"
"79054","Lefors","Gray","676"
"78592","Santa Maria","Cameron","676"
"79059","Miami","Roberts","671"
"77661","Stowell","Chambers","671"
"78561","Lasara","Willacy","669"
"75421","Brookston","Lamar","666"
"79255","Quitaque","Briscoe","664"
"76871","Richland Springs","San Saba","657"
"75960","Moscow","Polk","653"
"78358","Fulton","Aransas","653"
"78161","Sutherland Springs","Wilson","651"
"77623","High Island","Galveston","648"
"79044","Hartley","Hartley","646"
"75488","Telephone","Fannin","645"
"75448","Klondike","Delta","643"
"79547","Rule","Haskell","642"
"75838","Donie","Freestone","639"
"78146","Pettus","Bee","637"
"78948","Lincoln","Lee","636"
"75164","Josephine","Collin","633"
"79087","Texline","Dallam","629"
"78548","Grulla","Starr","627"
"75493","Winfield","Titus","626"
"79506","Blackwell","Nolan","626"
"79379","Whiteface","Cochran","622"
"78349","Concepcion","Duval","617"
"79561","Trent","Taylor","615"
"77624","Hillister","Tyler","609"
"78535","Combes","Cameron","601"
"78614","Cost","Gonzales","599"
"76649","Iredell","Bosque","596"
"76379","Scotland","Archer","590"
"78949","Muldoon","Fayette","590"
"79719","Barstow","Ward","589"
"79528","Jayton","Kent","587"
"78050","Leming","Atascosa","584"
"78072","Tilden","Mcmullen","582"
"75682","New London","Rusk","578"
"76357","Byers","Clay","569"
"77376","Votaw","Hardin","569"
"78932","Carmine","Fayette","565"
"78635","Hye","Blanco","564"
"76660","Malone","Hill","561"
"77988","Telferner","Victoria","559"
"76377","Petrolia","Clay","555"
"77369","Rye","Liberty","555"
"77977","Placedo","Victoria","544"
"78376","Realitos","Duval","544"
"76637","Cranfills Gap","Bosque","540"
"79530","Lawn","Taylor","538"
"76866","Paint Rock","Concho","537"
"77374","Thicket","Hardin","536"
"79034","Follett","Lipscomb","535"
"76363","Goree","Knox","534"
"77444","Guy","Fort Bend","534"
"79742","Grandfalls","Ward","526"
"76875","Rowena","Runnels","525"
"78385","Sarita","Kenedy","525"
"78944","Industry","Austin","524"
"78141","Nordheim","De Witt","524"
"78066","Rio Medina","Medina","521"
"78044","Laredo","Webb","519"
"75101","Bardwell","Ellis","517"
"79342","Loop","Gaines","516"
"76435","Carbon","Eastland","512"
"77466","Pattison","Waller","511"
"77616","Fred","Tyler","511"
"76464","Moran","Shackelford","505"
"79713","Ackerly","Dawson","493"
"77457","Matagorda","Matagorda","488"
"76519","Burlington","Milam","487"
"78352","Edroy","San Patricio","485"
"79098","Wildorado","Oldham","484"
"76598","Gatesville","Coryell","479"
"78608","Briggs","Burnet","470"
"78886","Yancey","Medina","469"
"75853","Montalba","Anderson","466"
"79080","Skellytown","Carson","461"
"78008","Campbellton","Atascosa","461"
"75412","Bagwell","Red River","457"
"75492","Windom","Fannin","456"
"78567","Los Indios","Cameron","443"
"75153","Powell","Navarro","441"
"78344","Bruni","Webb","436"
"77970","La Ward","Jackson","429"
"79842","Marathon","Brewster","425"
"77359","Oakhurst","San Jacinto","425"
"78351","Driscoll","Nueces","421"
"76827","Brookesmith","Brown","418"
"79237","Hedley","Donley","417"
"78369","Mirando City","Webb","416"
"76463","Mingus","Palo Pinto","412"
"79229","Dickens","Dickens","411"
"78243","San Antonio","Bexar","408"
"78545","Falcon Heights","Starr","402"
"78117","Hobson","Karnes","401"
"79350","New Deal","Lubbock","401"
"77991","Vanderbilt","Jackson","397"
"76041","Forreston","Ellis","395"
"78883","Tarpley","Bandera","395"
"77453","Lane City","Wharton","393"
"79533","Lueders","Jones","385"
"78027","Kendalia","Kendall","381"
"79024","Darrouzett","Lipscomb","380"
"78057","Moore","Frio","378"
"79061","Mobeetie","Wheeler","375"
"77470","Rock Island","Colorado","374"
"79261","Turkey","Hall","370"
"78931","Bleiblerville","Austin","368"
"79749","Lenorah","Martin","366"
"78536","Delmita","Starr","363"
"77334","Dodge","Walker","358"
"78340","Bayside","Refugio","356"
"78585","Salineno","Starr","356"
"76077","Rainbow","Somervell","355"
"77994","Westhoff","De Witt","354"
"78590","San Perlita","Willacy","354"
"76491","Woodson","Throckmorton","347"
"78618","Doss","Gillespie","338"
"77560","Hankamer","Chambers","337"
"78342","Ben Bolt","Jim Wells","330"
"78661","Prairie Lea","Caldwell","329"
"79743","Imperial","Pecos","328"
"79538","Novice","Coleman","325"
"76238","Era","Cooke","324"
"75470","Petty","Lamar","323"
"79837","Dell City","Hudspeth","322"
"79783","Tarzan","Martin","321"
"78339","Banquete","Nueces","317"
"77878","Snook","Burleson","317"
"77974","Meyersville","De Witt","314"
"78675","Willow City","Gillespie","314"
"75481","Sulphur Bluff","Hopkins","314"
"78116","Gillett","Karnes","313"
"77507","Pasadena","Harris","312"
"78943","Glidden","Colorado","311"
"77483","Wadsworth","Matagorda","309"
"79018","Channing","Hartley","307"
"78938","Ellinger","Fayette","303"
"78162","Tuleta","Bee","301"
"77443","Glen Flora","Wharton","300"
"79748","Knott","Howard","298"
"79777","Pyote","Ward","293"
"76858","Melvin","Mcculloch","292"
"76445","Desdemona","Eastland","292"
"79565","Westbrook","Mitchell","292"
"76253","Myra","Cooke","291"
"75977","Wiergate","Newton","291"
"79256","Roaring Springs","Motley","290"
"76845","Gouldbusk","Coleman","288"
"76261","Ringgold","Montague","285"
"78391","Tynan","Bee","283"
"75413","Bailey","Fannin","282"
"76676","Penelope","Hill","281"
"76680","Reagan","Falls","279"
"75469","Pecan Gap","Delta","275"
"78122","Leesville","Gonzales","274"
"78021","Fowlerton","La Salle","273"
"76870","Priddy","Mills","270"
"76459","Jermyn","Jack","270"
"78563","Linn","Hidalgo","269"
"78107","Berclair","Goliad","269"
"79377","Welch","Dawson","269"
"76666","Mertens","Hill","268"
"76852","Lohn","Mcculloch","268"
"78012","Christine","Atascosa","267"
"77614","Deweyville","Newton","265"
"79781","Sheffield","Pecos","263"
"79527","Ira","Scurry","263"
"75157","Rosser","Kaufman","261"
"76678","Prairie Hill","Limestone","260"
"76623","Avalon","Ellis","259"
"78591","Santa Elena","Starr","249"
"78075","Whitsett","Live Oak","248"
"79566","Wingate","Runnels","247"
"77969","La Salle","Jackson","246"
"79505","Benjamin","Knox","244"
"76566","Purmela","Coryell","242"
"76842","Fredonia","Mason","242"
"78353","Encino","Brooks","241"
"75415","Ben Franklin","Delta","240"
"76828","Burkett","Coleman","240"
"78622","Fentress","Caldwell","237"
"78402","Corpus Christi","Nueces","236"
"76388","Weinert","Haskell","235"
"79738","Gail","Borden","234"
"76460","Loving","Young","233"
"79834","Big Bend National Park","Brewster","233"
"76268","Southmayd","Grayson","232"
"76370","Megargel","Archer","232"
"78837","Comstock","Val Verde","230"
"75942","Doucette","Tyler","229"
"78836","Catarina","Dimmit","228"
"76436","Carlton","Hamilton","227"
"78143","Pandora","Wilson","226"
"77855","Flynn","Leon","224"
"79539","O Brien","Haskell","223"
"77368","Romayor","Liberty","223"
"79741","Goldsmith","Ector","222"
"76854","London","Kimble","220"
"75934","Camden","Polk","219"
"79236","Guthrie","King","218"
"79082","Springlake","Lamb","218"
"79078","Sanford","Hutchinson","217"
"75780","New Summerfield","Cherokee","216"
"76885","Valley Spring","Llano","216"
"75856","Pennington","Trinity","215"
"76882","Talpa","Coleman","214"
"77655","Sabine Pass","Jefferson","213"
"77458","Midfield","Matagorda","210"
"79220","Afton","Dickens","208"
"76862","Millersview","Concho","207"
"75565","Mc Leod","Cass","206"
"77987","Sweet Home","Lavaca","206"
"79011","Briscoe","Wheeler","206"
"77476","Simonton","Fort Bend","204"
"79548","Rule","Haskell","203"
"78838","Concan","Uvalde","202"
"78564","Lopeno","Zapata","202"
"79378","Wellman","Terry","196"
"76686","Tehuacana","Limestone","195"
"76955","Vancourt","Tom Green","192"
"76481","South Bend","Young","189"
"75764","Gallatin","Cherokee","187"
"76650","Irene","Hill","186"
"79003","Allison","Wheeler","185"
"79021","Cotton Center","Hale","183"
"76958","Water Valley","Tom Green","183"
"79239","Lakeview","Hall","181"
"79062","Morse","Hansford","180"
"79535","Maryneal","Nolan","179"
"79230","Dodson","Collingsworth","179"
"79001","Adrian","Oldham","178"
"77961","Francitas","Jackson","178"
"76364","Harrold","Wilbarger","174"
"79780","Saragosa","Reeves","173"
"79560","Sylvester","Fisher","172"
"76474","Sidney","Comanche","171"
"77950","Austwell","Refugio","170"
"78607","Bluffton","Llano","170"
"79733","Forsan","Howard","169"
"78007","Calliham","Mcmullen","169"
"78142","Normanna","Bee","166"
"79517","Fluvanna","Scurry","164"
"79344","Maple","Bailey","161"
"75105","Chatfield","Navarro","161"
"79730","Coyanosa","Pecos","157"
"79847","Salt Flat","Hudspeth","153"
"76373","Oklaunion","Wilbarger","153"
"78371","Oilton","Webb","153"
"76888","Voss","Coleman","151"
"76865","Norton","Runnels","151"
"75450","Lake Creek","Delta","150"
"76466","Olden","Eastland","149"
"75475","Randolph","Fannin","148"
"79016","Canyon","Randall","147"
"79233","Estelline","Hall","145"
"76654","Leroy","Mclennan","139"
"79330","Justiceburg","Garza","139"
"76565","Pottsville","Hamilton","138"
"75848","Kirvin","Freestone","137"
"78104","Beeville","Bee","136"
"77350","Leggett","Polk","135"
"75978","Woden","Nacogdoches","134"
"76957","Wall","Tom Green","134"
"76429","Caddo","Stephens","133"
"78588","San Isidro","Starr","133"
"77448","Hungerford","Wharton","131"
"75779","Neches","Anderson","128"
"75441","Enloe","Delta","128"
"79534","Mc Caulley","Fisher","125"
"79755","Midkiff","Upton","124"
"77876","Shiro","Grimes","123"
"79846","Redford","Presidio","121"
"79785","Toyah","Reeves","121"
"79540","Old Glory","Stonewall","121"
"79231","Dougherty","Floyd","117"
"78828","Barksdale","Edwards","117"
"78145","Pawnee","Bee","116"
"78885","Vanderpool","Bandera","115"
"75573","Redwater","Bowie","115"
"76884","Valera","Coleman","115"
"79699","Abilene","Taylor","115"
"76940","Mereta","Tom Green","113"
"78670","Staples","Guadalupe","112"
"75832","Cayuga","Anderson","107"
"76930","Barnhart","Irion","107"
"77867","Mumford","Robertson","106"
"75562","Kildare","Cass","104"
"77561","Hardin","Liberty","103"
"79093","Waka","Ochiltree","102"
"76953","Tennyson","Coke","101"
"76452","Energy","Comanche","99"
"77464","Orchard","Fort Bend","99"
"79032","Edmonson","Hale","98"
"79754","Mentone","Loving","98"
"79053","Lazbuddie","Parmer","97"
"77976","Nursery","Victoria","96"
"77993","Weesatche","Goliad","95"
"79369","Spade","Lamb","93"
"76469","Putnam","Callahan","93"
"79854","Valentine","Jeff Davis","90"
"76490","Whitt","Parker","90"
"78879","Rio Frio","Real","89"
"75641","Easton","Gregg","89"
"76820","Art","Mason","88"
"77415","Cedar Lane","Matagorda","88"
"78598","Port Mansfield","Willacy","87"
"79503","Avoca","Jones","85"
"78565","Los Ebanos","Hidalgo","84"
"76887","Voca","Mcculloch","82"
"79240","Lelia Lake","Donley","81"
"79380","Whitharral","Hockley","80"
"77367","Riverside","Walker","80"
"79091","Umbarger","Randall","77"
"77473","San Felipe","Austin","77"
"75849","Latexo","Houston","67"
"77617","Gilchrist","Galveston","66"
"77960","Fannin","Goliad","65"
"79247","Odell","Wilbarger","64"
"76869","Pontotoc","Mason","64"
"76873","Rockwood","Coleman","60"
"79326","Fieldton","Lamb","59"
"79056","Lipscomb","Lipscomb","56"
"77436","Egypt","Wharton","54"
"76628","Brandon","Hill","54"
"75759","Cuney","Cherokee","54"
"77451","Kendleton","Fort Bend","53"
"79243","Mcadoo","Dickens","53"
"79258","South Plains","Floyd","49"
"75642","Elysian Fields","Harrison","48"
"76848","Hext","Menard","48"
"79518","Girard","Kent","48"
"79033","Farnsworth","Ochiltree","47"
"77432","Danevang","Wharton","47"
"76263","Rosston","Cooke","46"
"78125","Mineral","Bee","45"
"77412","Altair","Colorado","44"
"79324","Enochs","Bailey","42"
"79519","Goldsboro","Coleman","41"
"76685","Satin","Falls","40"
"79314","Bledsoe","Cochran","40"
"77468","Pledger","Matagorda","39"
"77460","Nada","Colorado","39"
"78677","Wrightsboro","Gonzales","39"
"78851","Dryden","Terrell","37"
"78150","Universal City","Bexar","37"
"76061","Lillian","Johnson","37"
"77326","Ace","Polk","37"
"79537","Nolan","Nolan","35"
"79259","Tell","Childress","35"
"77481","Thompsons","Fort Bend","35"
"79942","El Paso","El Paso","30"
"78144","Panna Maria","Karnes","29"
"76573","Schwertner","Williamson","29"
"77440","Elmaton","Matagorda","27"
"77973","Mcfaddin","Victoria","27"
"79234","Flomot","Motley","26"
"75788","Sacul","Nacogdoches","23"
"78860","El Indio","Maverick","21"
"78802","Uvalde","Uvalde","21"
"79025","Dawn","Deaf Smith","20"
"76841","Fort Mc Kavett","Menard","19"
"79085","Summerfield","Castro","18"
"78338","Armstrong","Kenedy","18"
"77467","Pierce","Wharton","17"
"76937","Eola","Concho","15"
"79376","Tokio","Yoakum","14"
"79094","Wayside","Armstrong","14"
"79251","Quail","Collingsworth","13"
"78871","Langtry","Val Verde","13"
"76949","Silver","Coke","12"
"79353","Pep","Hockley","10"
"76824","Bend","Lampasas","9"
"79920","El Paso","El Paso","8"
"76508","Temple","Bell","7"
"79831","Alpine","Brewster","4"
"76939","Knickerbocker","Tom Green","0"
"76874","Roosevelt","Kimble","0"
"76836","Doole","Mcculloch","0"
"76831","Castell","Llano","0"
"77342","Huntsville","Walker","0"
"77201","Houston","Harris","0"
"77454","Lissie","Wharton","0"
"77428","Collegeport","Matagorda","0"
"76523","Davilla","Milam","0"
"78335","Aransas Pass","San Patricio","0"
"78951","Oakland","Colorado","0"
"78060","Oakville","Live Oak","0"
"78029","Kerrville","Kerr","0"
"78001","Artesia Wells","La Salle","0"
"75390","Dallas","Dallas","0"
"75270","Dallas","Dallas","0"
"75858","Ratcliff","Houston","0"
"79770","Orla","Reeves","0"
"79759","Notrees","Ector","0"
"79105","Amarillo","Potter","0"
"79058","Masterson","Moore","0"
"79051","Kerrick","Dallam","0"